id,name,type,length
1,1,AP,0.000000
2,2,DRIFT,4.380000
3,3,BPM,0.000000
4,4,DRIFT,1.288300
5,5,QUAD,0.406400
6,6,DRIFT,0.146800
7,7,DRIFT,0.005000
8,8,SEXT,0.290000
9,9,HSTR,0.000000
10,10,VSTR,0.000000
11,11,DRIFT,0.005000
12,12,DRIFT,0.231850
13,13,QUAD,0.606300
14,14,DRIFT,0.458350
15,15,QUAD,0.307000
16,16,DRIFT,0.196500
17,17,DRIFT,0.005000
18,18,SEXT,0.290000
19,19,HSTR,0.000000
20,20,VSTR,0.000000
21,21,DRIFT,0.005000
22,22,DRIFT,0.185000
23,23,BPM,0.000000
24,24,DRIFT,0.484000
25,25,BEND,0.933000
26,26,DRIFT,0.585800
27,27,QUAD,0.406400
28,28,DRIFT,0.158300
29,29,BPM,0.000000
30,30,DRIFT,0.263500
31,31,DRIFT,0.005000
32,32,SEXT,0.190000
33,33,HSTR,0.000000
34,34,VSTR,0.000000
35,35,DRIFT,0.005000
36,36,DRIFT,0.195200
37,37,QUAD,0.407600
38,38,DRIFT,0.118700
39,39,BPM,0.000000
40,40,DRIFT,0.116000
41,41,DRIFT,0.005000
42,42,SEXT,0.290000
43,43,HSTR,0.000000
44,44,VSTR,0.000000
45,45,DRIFT,0.005000
46,46,DRIFT,0.234700
47,47,QUAD,0.407600
48,48,DRIFT,0.195200
49,49,DRIFT,0.005000
50,50,SEXT,0.190000
51,51,HSTR,0.000000
52,52,VSTR,0.000000
53,53,DRIFT,0.005000
54,54,DRIFT,0.421800
55,55,QUAD,0.406400
56,56,DRIFT,0.101800
57,57,BPM,0.000000
58,58,DRIFT,0.484000
59,59,BEND,0.933000
60,60,DRIFT,0.669000
61,61,DRIFT,0.005000
62,62,SEXT,0.290000
63,63,HSTR,0.000000
64,64,VSTR,0.000000
65,65,DRIFT,0.005000
66,66,DRIFT,0.196500
67,67,QUAD,0.307000
68,68,DRIFT,0.173000
69,69,BPM,0.000000
70,70,DRIFT,0.285350
71,71,QUAD,0.606300
72,72,DRIFT,0.231850
73,73,DRIFT,0.005000
74,74,SEXT,0.290000
75,75,HSTR,0.000000
76,76,VSTR,0.000000
77,77,DRIFT,0.005000
78,78,DRIFT,0.146800
79,79,QUAD,0.406400
80,80,DRIFT,1.288300
81,81,BPM,0.000000
82,82,DRIFT,0.002500
83,83,DRIFT,1.219500
84,84,DRIFT,0.050000
85,85,HCHICA,0.000000
86,86,DRIFT,0.050000
87,87,DRIFT,0.280500
88,88,DRIFT,0.150000
89,89,HTRIM,0.000000
90,90,VTRIM,0.000000
91,91,DRIFT,0.150000
92,92,DRIFT,0.977500
93,93,source,0.000000
94,94,DRIFT,0.977500
95,95,DRIFT,0.150000
96,96,HTRIM,0.000000
97,97,VTRIM,0.000000
98,98,DRIFT,0.150000
99,99,DRIFT,0.054000
100,100,DRIFT,0.050000
101,101,HCHICA,0.000000
102,102,DRIFT,0.050000
103,103,DRIFT,0.907000
104,104,DRIFT,0.050000
105,105,HCHICA,0.000000
106,106,DRIFT,0.050000
107,107,DRIFT,0.339000
108,108,DRIFT,0.002500
109,109,BPM,0.000000
110,110,DRIFT,0.366820
111,111,DRIFT,0.126181
112,112,DRIFT,0.050000
113,113,QUAD,0.250000
114,114,DRIFT,0.112500
115,115,SEXT,0.175000
116,116,HSTR,0.000000
117,117,VSTR,0.000000
118,118,DRIFT,0.172500
119,119,QUAD,0.250000
120,120,DRIFT,0.069280
121,121,DRIFT,0.100000
122,122,DRIFT,0.075000
123,123,SEXT,0.175000
124,124,DRIFT,0.075000
125,125,DRIFT,0.100000
126,126,DRIFT,0.112500
127,127,BEND,0.670431
128,128,DRIFT,0.185194
129,129,DRIFT,0.033729
130,130,DRIFT,0.025411
131,131,DRIFT,0.247889
132,132,DRIFT,0.003000
133,133,DRIFT,0.055324
134,134,BPM,0.000000
135,135,DRIFT,0.055173
136,136,SEXT,0.175000
137,137,DRIFT,0.088380
138,138,QUAD,0.250000
139,139,DRIFT,0.031123
140,140,DRIFT,0.003000
141,141,DRIFT,0.115877
142,142,SEXT,0.175000
143,143,HSTR,0.000000
144,144,VSTR,0.000000
145,145,DRIFT,0.150000
146,146,QUAD,0.250000
147,147,DRIFT,0.088380
148,148,SEXT,0.175000
149,149,HSTR,0.000000
150,150,VSTR,0.000000
151,151,DRIFT,0.042543
152,152,DRIFT,0.003000
153,153,DRIFT,0.112894
154,154,BPM,0.000000
155,155,DRIFT,0.229063
156,156,BEND,0.966928
157,157,DRIFT,0.068240
158,158,DRIFT,0.073540
159,159,HSTR,0.000000
160,160,VSTR,0.000000
161,161,DRIFT,0.096600
162,162,QUAD,0.250000
163,163,DRIFT,0.000010
164,164,DRIFT,0.000000
165,165,DRIFT,0.011240
166,166,DRIFT,0.206000
167,167,BPM,0.000000
168,168,DRIFT,0.114000
169,169,DRIFT,0.368750
170,170,DRIFT,1.000000
171,171,source,0.000000
172,172,DRIFT,1.000000
173,173,DRIFT,0.375420
174,174,DRIFT,0.107330
175,175,BPM,0.000000
176,176,DRIFT,0.217250
177,177,QUAD,0.250000
178,178,DRIFT,0.096600
179,179,HSTR,0.000000
180,180,VSTR,0.000000
181,181,DRIFT,0.036080
182,182,DRIFT,0.003000
183,183,DRIFT,0.102700
184,184,BEND,0.966928
185,185,DRIFT,0.037500
186,186,DRIFT,0.141042
187,187,DRIFT,0.033728
188,188,DRIFT,0.024583
189,189,DRIFT,0.038147
190,190,DRIFT,0.112500
191,191,SEXT,0.175000
192,192,DRIFT,0.088380
193,193,QUAD,0.250000
194,194,DRIFT,0.020890
195,195,DRIFT,0.003000
196,196,DRIFT,0.075286
197,197,BPM,0.000000
198,198,DRIFT,0.050824
199,199,SEXT,0.175000
200,200,HSTR,0.000000
201,201,VSTR,0.000000
202,202,DRIFT,0.150000
203,203,QUAD,0.250000
204,204,DRIFT,0.088380
205,205,SEXT,0.175000
206,206,HSTR,0.000000
207,207,VSTR,0.000000
208,208,DRIFT,0.269070
209,209,DRIFT,0.003000
210,210,DRIFT,0.103390
211,211,BPM,0.000000
212,212,DRIFT,0.230260
213,213,BEND,0.670431
214,214,DRIFT,0.112500
215,215,DRIFT,0.050309
216,216,DRIFT,0.049691
217,217,DRIFT,0.075000
218,218,SEXT,0.175000
219,219,DRIFT,0.075000
220,220,DRIFT,0.100000
221,221,DRIFT,0.069280
222,222,QUAD,0.250000
223,223,DRIFT,0.000559
224,224,DRIFT,0.003000
225,225,DRIFT,0.168941
226,226,SEXT,0.175000
227,227,HSTR,0.000000
228,228,VSTR,0.000000
229,229,DRIFT,0.112500
230,230,QUAD,0.250000
231,231,DRIFT,0.061559
232,232,DRIFT,0.003000
233,233,DRIFT,0.113000
234,234,DRIFT,0.048442
235,235,DRIFT,0.086001
236,236,DRIFT,0.130999
237,237,DRIFT,0.100000
238,238,BPM,0.000000
239,239,DRIFT,0.002500
240,240,DRIFT,1.119500
241,241,DRIFT,0.050000
242,242,HCHICA,0.000000
243,243,DRIFT,0.050000
244,244,DRIFT,0.281500
245,245,DRIFT,0.150000
246,246,HTRIM,0.000000
247,247,VTRIM,0.000000
248,248,DRIFT,0.150000
249,249,DRIFT,0.976500
250,250,source,0.000000
251,251,DRIFT,0.976500
252,252,DRIFT,0.150000
253,253,HTRIM,0.000000
254,254,VTRIM,0.000000
255,255,DRIFT,0.150000
256,256,DRIFT,0.055000
257,257,DRIFT,0.050000
258,258,HCHICA,0.000000
259,259,DRIFT,0.050000
260,260,DRIFT,0.907000
261,261,DRIFT,0.050000
262,262,HCHICA,0.000000
263,263,DRIFT,0.050000
264,264,DRIFT,0.439000
265,265,DRIFT,0.002500
266,266,BPM,0.000000
267,267,DRIFT,1.288300
268,268,QUAD,0.406400
269,269,DRIFT,0.146800
270,270,DRIFT,0.005000
271,271,SEXT,0.290000
272,272,HSTR,0.000000
273,273,VSTR,0.000000
274,274,DRIFT,0.005000
275,275,DRIFT,0.231850
276,276,QUAD,0.606300
277,277,DRIFT,0.458350
278,278,QUAD,0.307000
279,279,DRIFT,0.196500
280,280,DRIFT,0.005000
281,281,SEXT,0.290000
282,282,HSTR,0.000000
283,283,VSTR,0.000000
284,284,DRIFT,0.005000
285,285,DRIFT,0.185000
286,286,BPM,0.000000
287,287,DRIFT,0.484000
288,288,BEND,0.933000
289,289,DRIFT,0.585800
290,290,QUAD,0.406400
291,291,DRIFT,0.158300
292,292,BPM,0.000000
293,293,DRIFT,0.263500
294,294,DRIFT,0.005000
295,295,SEXT,0.190000
296,296,HSTR,0.000000
297,297,VSTR,0.000000
298,298,DRIFT,0.005000
299,299,DRIFT,0.195200
300,300,QUAD,0.407600
301,301,DRIFT,0.118700
302,302,BPM,0.000000
303,303,DRIFT,0.116000
304,304,DRIFT,0.005000
305,305,SEXT,0.290000
306,306,HSTR,0.000000
307,307,VSTR,0.000000
308,308,DRIFT,0.005000
309,309,DRIFT,0.234700
310,310,QUAD,0.407600
311,311,DRIFT,0.195200
312,312,DRIFT,0.005000
313,313,SEXT,0.190000
314,314,HSTR,0.000000
315,315,VSTR,0.000000
316,316,DRIFT,0.005000
317,317,DRIFT,0.421800
318,318,QUAD,0.406400
319,319,DRIFT,0.101800
320,320,BPM,0.000000
321,321,DRIFT,0.484000
322,322,BEND,0.933000
323,323,DRIFT,0.669000
324,324,DRIFT,0.005000
325,325,SEXT,0.290000
326,326,HSTR,0.000000
327,327,VSTR,0.000000
328,328,DRIFT,0.005000
329,329,DRIFT,0.196500
330,330,QUAD,0.307000
331,331,DRIFT,0.173000
332,332,BPM,0.000000
333,333,DRIFT,0.285350
334,334,QUAD,0.606300
335,335,DRIFT,0.231850
336,336,DRIFT,0.005000
337,337,SEXT,0.290000
338,338,HSTR,0.000000
339,339,VSTR,0.000000
340,340,DRIFT,0.005000
341,341,DRIFT,0.146800
342,342,QUAD,0.406400
343,343,DRIFT,1.288300
344,344,BPM,0.000000
345,345,DRIFT,0.002500
346,346,DRIFT,1.219500
347,347,DRIFT,0.050000
348,348,HCHICA,0.000000
349,349,DRIFT,0.050000
350,350,DRIFT,0.280500
351,351,DRIFT,0.150000
352,352,HTRIM,0.000000
353,353,VTRIM,0.000000
354,354,DRIFT,0.150000
355,355,DRIFT,0.977500
356,356,source,0.000000
357,357,DRIFT,0.977500
358,358,DRIFT,0.150000
359,359,HTRIM,0.000000
360,360,VTRIM,0.000000
361,361,DRIFT,0.150000
362,362,DRIFT,0.054000
363,363,DRIFT,0.050000
364,364,HCHICA,0.000000
365,365,DRIFT,0.050000
366,366,DRIFT,0.150000
367,367,HTRIM,0.000000
368,368,VTRIM,0.000000
369,369,DRIFT,0.150000
370,370,DRIFT,0.153500
371,371,source,0.000000
372,372,DRIFT,0.153500
373,373,DRIFT,0.150000
374,374,HTRIM,0.000000
375,375,VTRIM,0.000000
376,376,DRIFT,0.150000
377,377,DRIFT,0.050000
378,378,HCHICA,0.000000
379,379,DRIFT,0.050000
380,380,DRIFT,0.439000
381,381,DRIFT,0.002500
382,382,BPM,0.000000
383,383,DRIFT,1.288300
384,384,QUAD,0.406400
385,385,DRIFT,0.146800
386,386,DRIFT,0.005000
387,387,SEXT,0.290000
388,388,HSTR,0.000000
389,389,VSTR,0.000000
390,390,DRIFT,0.005000
391,391,DRIFT,0.231850
392,392,QUAD,0.606300
393,393,DRIFT,0.458350
394,394,QUAD,0.307000
395,395,DRIFT,0.196500
396,396,DRIFT,0.005000
397,397,SEXT,0.290000
398,398,HSTR,0.000000
399,399,VSTR,0.000000
400,400,DRIFT,0.005000
401,401,DRIFT,0.185000
402,402,BPM,0.000000
403,403,DRIFT,0.484000
404,404,BEND,0.933000
405,405,DRIFT,0.585800
406,406,QUAD,0.406400
407,407,DRIFT,0.158300
408,408,BPM,0.000000
409,409,DRIFT,0.263500
410,410,DRIFT,0.005000
411,411,SEXT,0.190000
412,412,HSTR,0.000000
413,413,VSTR,0.000000
414,414,DRIFT,0.005000
415,415,DRIFT,0.195200
416,416,QUAD,0.407600
417,417,DRIFT,0.118700
418,418,BPM,0.000000
419,419,DRIFT,0.116000
420,420,DRIFT,0.005000
421,421,SEXT,0.290000
422,422,HSTR,0.000000
423,423,VSTR,0.000000
424,424,DRIFT,0.005000
425,425,DRIFT,0.234700
426,426,QUAD,0.407600
427,427,DRIFT,0.195200
428,428,DRIFT,0.005000
429,429,SEXT,0.190000
430,430,HSTR,0.000000
431,431,VSTR,0.000000
432,432,DRIFT,0.005000
433,433,DRIFT,0.421800
434,434,QUAD,0.406400
435,435,DRIFT,0.101800
436,436,BPM,0.000000
437,437,DRIFT,0.484000
438,438,BEND,0.933000
439,439,DRIFT,0.669000
440,440,DRIFT,0.005000
441,441,SEXT,0.290000
442,442,HSTR,0.000000
443,443,VSTR,0.000000
444,444,DRIFT,0.005000
445,445,DRIFT,0.196500
446,446,QUAD,0.307000
447,447,DRIFT,0.173000
448,448,BPM,0.000000
449,449,DRIFT,0.285350
450,450,QUAD,0.606300
451,451,DRIFT,0.231850
452,452,DRIFT,0.005000
453,453,SEXT,0.290000
454,454,HSTR,0.000000
455,455,VSTR,0.000000
456,456,DRIFT,0.005000
457,457,DRIFT,0.146800
458,458,QUAD,0.406400
459,459,DRIFT,1.288300
460,460,BPM,0.000000
461,461,DRIFT,0.002500
462,462,DRIFT,1.172500
463,463,DRIFT,0.150000
464,464,HTRIM,0.000000
465,465,VTRIM,0.000000
466,466,DRIFT,0.150000
467,467,DRIFT,2.905000
468,468,source,0.000000
469,469,DRIFT,2.905000
470,470,DRIFT,0.150000
471,471,HTRIM,0.000000
472,472,VTRIM,0.000000
473,473,DRIFT,0.150000
474,474,AP,0.000000
475,475,DRIFT,1.172500
476,476,DRIFT,0.002500
477,477,BPM,0.000000
478,478,DRIFT,1.288300
479,479,QUAD,0.406400
480,480,DRIFT,0.146800
481,481,DRIFT,0.005000
482,482,SEXT,0.290000
483,483,HSTR,0.000000
484,484,VSTR,0.000000
485,485,DRIFT,0.005000
486,486,DRIFT,0.231850
487,487,QUAD,0.606300
488,488,DRIFT,0.458350
489,489,QUAD,0.307000
490,490,DRIFT,0.196500
491,491,DRIFT,0.005000
492,492,SEXT,0.290000
493,493,HSTR,0.000000
494,494,VSTR,0.000000
495,495,DRIFT,0.005000
496,496,DRIFT,0.185000
497,497,BPM,0.000000
498,498,DRIFT,0.484000
499,499,BEND,0.933000
500,500,DRIFT,0.585800
501,501,QUAD,0.406400
502,502,DRIFT,0.158300
503,503,BPM,0.000000
504,504,DRIFT,0.263500
505,505,DRIFT,0.005000
506,506,SEXT,0.190000
507,507,HSTR,0.000000
508,508,VSTR,0.000000
509,509,DRIFT,0.005000
510,510,DRIFT,0.195200
511,511,QUAD,0.407600
512,512,DRIFT,0.118700
513,513,BPM,0.000000
514,514,DRIFT,0.116000
515,515,DRIFT,0.005000
516,516,SEXT,0.290000
517,517,HSTR,0.000000
518,518,VSTR,0.000000
519,519,DRIFT,0.005000
520,520,DRIFT,0.234700
521,521,QUAD,0.407600
522,522,DRIFT,0.195200
523,523,DRIFT,0.005000
524,524,SEXT,0.190000
525,525,HSTR,0.000000
526,526,VSTR,0.000000
527,527,DRIFT,0.005000
528,528,DRIFT,0.421800
529,529,QUAD,0.406400
530,530,DRIFT,0.101800
531,531,BPM,0.000000
532,532,DRIFT,0.484000
533,533,BEND,0.933000
534,534,DRIFT,0.669000
535,535,DRIFT,0.005000
536,536,SEXT,0.290000
537,537,HSTR,0.000000
538,538,VSTR,0.000000
539,539,DRIFT,0.005000
540,540,DRIFT,0.196500
541,541,QUAD,0.307000
542,542,DRIFT,0.173000
543,543,BPM,0.000000
544,544,DRIFT,0.285350
545,545,QUAD,0.606300
546,546,DRIFT,0.231850
547,547,DRIFT,0.005000
548,548,SEXT,0.290000
549,549,HSTR,0.000000
550,550,VSTR,0.000000
551,551,DRIFT,0.005000
552,552,DRIFT,0.146800
553,553,QUAD,0.406400
554,554,DRIFT,1.288300
555,555,BPM,0.000000
556,556,DRIFT,0.002500
557,557,DRIFT,0.465500
558,558,DRIFT,0.075000
559,559,HTRIM,0.000000
560,560,VTRIM,0.000000
561,561,DRIFT,0.075000
562,562,DRIFT,1.056000
563,563,source,0.000000
564,564,DRIFT,1.056000
565,565,DRIFT,0.075000
566,566,HTRIM,0.000000
567,567,VTRIM,0.000000
568,568,DRIFT,0.075000
569,569,DRIFT,0.075000
570,570,HTRIM,0.000000
571,571,VTRIM,0.000000
572,572,DRIFT,0.075000
573,573,DRIFT,1.056000
574,574,source,0.000000
575,575,DRIFT,1.056000
576,576,DRIFT,0.075000
577,577,HTRIM,0.000000
578,578,VTRIM,0.000000
579,579,DRIFT,0.075000
580,580,DRIFT,0.465500
581,581,DRIFT,0.002500
582,582,BPM,0.000000
583,583,DRIFT,1.288300
584,584,QUAD,0.406400
585,585,DRIFT,0.146800
586,586,DRIFT,0.005000
587,587,SEXT,0.290000
588,588,HSTR,0.000000
589,589,VSTR,0.000000
590,590,DRIFT,0.005000
591,591,DRIFT,0.231850
592,592,QUAD,0.606300
593,593,DRIFT,0.458350
594,594,QUAD,0.307000
595,595,DRIFT,0.196500
596,596,DRIFT,0.005000
597,597,SEXT,0.290000
598,598,HSTR,0.000000
599,599,VSTR,0.000000
600,600,DRIFT,0.005000
601,601,DRIFT,0.185000
602,602,BPM,0.000000
603,603,DRIFT,0.484000
604,604,BEND,0.933000
605,605,DRIFT,0.585800
606,606,QUAD,0.406400
607,607,DRIFT,0.158300
608,608,BPM,0.000000
609,609,DRIFT,0.263500
610,610,DRIFT,0.005000
611,611,SEXT,0.190000
612,612,HSTR,0.000000
613,613,VSTR,0.000000
614,614,DRIFT,0.005000
615,615,DRIFT,0.195200
616,616,QUAD,0.407600
617,617,DRIFT,0.118700
618,618,BPM,0.000000
619,619,DRIFT,0.116000
620,620,DRIFT,0.005000
621,621,SEXT,0.290000
622,622,HSTR,0.000000
623,623,VSTR,0.000000
624,624,DRIFT,0.005000
625,625,DRIFT,0.234700
626,626,QUAD,0.407600
627,627,DRIFT,0.195200
628,628,DRIFT,0.005000
629,629,SEXT,0.190000
630,630,HSTR,0.000000
631,631,VSTR,0.000000
632,632,DRIFT,0.005000
633,633,DRIFT,0.421800
634,634,QUAD,0.406400
635,635,DRIFT,0.101800
636,636,BPM,0.000000
637,637,DRIFT,0.484000
638,638,BEND,0.933000
639,639,DRIFT,0.669000
640,640,DRIFT,0.005000
641,641,SEXT,0.290000
642,642,HSTR,0.000000
643,643,VSTR,0.000000
644,644,DRIFT,0.005000
645,645,DRIFT,0.196500
646,646,QUAD,0.307000
647,647,DRIFT,0.173000
648,648,BPM,0.000000
649,649,DRIFT,0.285350
650,650,QUAD,0.606300
651,651,DRIFT,0.231850
652,652,DRIFT,0.005000
653,653,SEXT,0.290000
654,654,HSTR,0.000000
655,655,VSTR,0.000000
656,656,DRIFT,0.005000
657,657,DRIFT,0.146800
658,658,QUAD,0.406400
659,659,DRIFT,1.288300
660,660,BPM,0.000000
661,661,DRIFT,0.002500
662,662,DRIFT,1.219500
663,663,DRIFT,0.050000
664,664,HCHICA,0.000000
665,665,DRIFT,0.050000
666,666,DRIFT,0.280500
667,667,DRIFT,0.150000
668,668,HTRIM,0.000000
669,669,VTRIM,0.000000
670,670,DRIFT,0.150000
671,671,DRIFT,0.977500
672,672,source,0.000000
673,673,DRIFT,0.977500
674,674,DRIFT,0.150000
675,675,HTRIM,0.000000
676,676,VTRIM,0.000000
677,677,DRIFT,0.150000
678,678,DRIFT,0.054000
679,679,DRIFT,0.050000
680,680,HCHICA,0.000000
681,681,DRIFT,0.050000
682,682,DRIFT,0.907000
683,683,DRIFT,0.050000
684,684,HCHICA,0.000000
685,685,DRIFT,0.050000
686,686,DRIFT,0.439000
687,687,DRIFT,0.002500
688,688,BPM,0.000000
689,689,DRIFT,1.288300
690,690,QUAD,0.406400
691,691,DRIFT,0.146800
692,692,DRIFT,0.005000
693,693,SEXT,0.290000
694,694,HSTR,0.000000
695,695,VSTR,0.000000
696,696,DRIFT,0.005000
697,697,DRIFT,0.231850
698,698,QUAD,0.606300
699,699,DRIFT,0.458350
700,700,QUAD,0.307000
701,701,DRIFT,0.196500
702,702,DRIFT,0.005000
703,703,SEXT,0.290000
704,704,HSTR,0.000000
705,705,VSTR,0.000000
706,706,DRIFT,0.005000
707,707,DRIFT,0.185000
708,708,BPM,0.000000
709,709,DRIFT,0.484000
710,710,BEND,0.933000
711,711,DRIFT,0.585800
712,712,QUAD,0.406400
713,713,DRIFT,0.158300
714,714,BPM,0.000000
715,715,DRIFT,0.263500
716,716,DRIFT,0.005000
717,717,SEXT,0.190000
718,718,HSTR,0.000000
719,719,VSTR,0.000000
720,720,DRIFT,0.005000
721,721,DRIFT,0.195200
722,722,QUAD,0.407600
723,723,DRIFT,0.118700
724,724,BPM,0.000000
725,725,DRIFT,0.116000
726,726,DRIFT,0.005000
727,727,SEXT,0.290000
728,728,HSTR,0.000000
729,729,VSTR,0.000000
730,730,DRIFT,0.005000
731,731,DRIFT,0.234700
732,732,QUAD,0.407600
733,733,DRIFT,0.195200
734,734,DRIFT,0.005000
735,735,SEXT,0.190000
736,736,HSTR,0.000000
737,737,VSTR,0.000000
738,738,DRIFT,0.005000
739,739,DRIFT,0.421800
740,740,QUAD,0.406400
741,741,DRIFT,0.101800
742,742,BPM,0.000000
743,743,DRIFT,0.484000
744,744,source,0.000000
745,745,BEND,0.933000
746,746,DRIFT,0.669000
747,747,DRIFT,0.005000
748,748,SEXT,0.290000
749,749,HSTR,0.000000
750,750,VSTR,0.000000
751,751,DRIFT,0.005000
752,752,DRIFT,0.196500
753,753,QUAD,0.307000
754,754,DRIFT,0.173000
755,755,BPM,0.000000
756,756,DRIFT,0.285350
757,757,QUAD,0.606300
758,758,DRIFT,0.231850
759,759,DRIFT,0.005000
760,760,SEXT,0.290000
761,761,HSTR,0.000000
762,762,VSTR,0.000000
763,763,DRIFT,0.005000
764,764,DRIFT,0.146800
765,765,QUAD,0.406400
766,766,DRIFT,1.288300
767,767,BPM,0.000000
768,768,DRIFT,0.002500
769,769,DRIFT,0.150000
770,770,HTRIM,0.000000
771,771,VTRIM,0.000000
772,772,DRIFT,0.150000
773,773,DRIFT,2.577500
774,774,source,0.000000
775,775,DRIFT,2.577500
776,776,DRIFT,0.150000
777,777,HTRIM,0.000000
778,778,VTRIM,0.000000
779,779,DRIFT,0.150000
780,780,DRIFT,0.002500
781,781,BPM,0.000000
782,782,DRIFT,1.288300
783,783,QUAD,0.406400
784,784,DRIFT,0.146800
785,785,DRIFT,0.005000
786,786,SEXT,0.290000
787,787,HSTR,0.000000
788,788,VSTR,0.000000
789,789,DRIFT,0.005000
790,790,DRIFT,0.231850
791,791,QUAD,0.606300
792,792,DRIFT,0.458350
793,793,QUAD,0.307000
794,794,DRIFT,0.196500
795,795,DRIFT,0.005000
796,796,SEXT,0.290000
797,797,HSTR,0.000000
798,798,VSTR,0.000000
799,799,DRIFT,0.005000
800,800,DRIFT,0.185000
801,801,BPM,0.000000
802,802,DRIFT,0.484000
803,803,BEND,0.933000
804,804,DRIFT,0.585800
805,805,QUAD,0.406400
806,806,DRIFT,0.158300
807,807,BPM,0.000000
808,808,DRIFT,0.263500
809,809,DRIFT,0.005000
810,810,SEXT,0.190000
811,811,HSTR,0.000000
812,812,VSTR,0.000000
813,813,DRIFT,0.005000
814,814,DRIFT,0.195200
815,815,QUAD,0.407600
816,816,DRIFT,0.118700
817,817,BPM,0.000000
818,818,DRIFT,0.116000
819,819,DRIFT,0.005000
820,820,SEXT,0.290000
821,821,HSTR,0.000000
822,822,VSTR,0.000000
823,823,DRIFT,0.005000
824,824,DRIFT,0.234700
825,825,QUAD,0.407600
826,826,DRIFT,0.195200
827,827,DRIFT,0.005000
828,828,SEXT,0.190000
829,829,HSTR,0.000000
830,830,VSTR,0.000000
831,831,DRIFT,0.005000
832,832,DRIFT,0.421800
833,833,QUAD,0.406400
834,834,DRIFT,0.101800
835,835,BPM,0.000000
836,836,DRIFT,0.484000
837,837,BEND,0.933000
838,838,DRIFT,0.669000
839,839,DRIFT,0.005000
840,840,SEXT,0.290000
841,841,HSTR,0.000000
842,842,VSTR,0.000000
843,843,DRIFT,0.005000
844,844,DRIFT,0.196500
845,845,QUAD,0.307000
846,846,DRIFT,0.173000
847,847,BPM,0.000000
848,848,DRIFT,0.285350
849,849,QUAD,0.606300
850,850,DRIFT,0.231850
851,851,DRIFT,0.005000
852,852,SEXT,0.290000
853,853,HSTR,0.000000
854,854,VSTR,0.000000
855,855,DRIFT,0.005000
856,856,DRIFT,0.146800
857,857,QUAD,0.406400
858,858,DRIFT,0.288340
859,859,QUAD,0.300000
860,860,DRIFT,0.152700
861,861,DRIFT,0.050000
862,862,HCHICA,0.000000
863,863,DRIFT,0.050000
864,864,DRIFT,0.310760
865,865,BPM,0.000000
866,866,DRIFT,0.150000
867,867,HTRIM,0.000000
868,868,VTRIM,0.000000
869,869,DRIFT,0.150000
870,870,DRIFT,1.202995
871,871,source,0.000000
872,872,DRIFT,1.202995
873,873,DRIFT,0.150000
874,874,HTRIM,0.000000
875,875,VTRIM,0.000000
876,876,DRIFT,0.150000
877,877,BPM,0.000000
878,878,DRIFT,0.260100
879,879,HSTR,0.000000
880,880,VSTR,0.000000
881,881,DRIFT,0.564080
882,882,DRIFT,0.050000
883,883,HCHICA,0.000000
884,884,DRIFT,0.050000
885,885,DRIFT,0.386070
886,886,QUAD,0.600000
887,887,DRIFT,0.200000
888,888,QUAD,0.400000
889,889,DRIFT,0.092530
890,890,BPM,0.000000
891,891,DRIFT,0.080890
892,892,HSTR,0.000000
893,893,VSTR,0.000000
894,894,DRIFT,0.150000
895,895,HTRIM,0.000000
896,896,VTRIM,0.000000
897,897,DRIFT,0.150000
898,898,DRIFT,1.426070
899,899,source,0.000000
900,900,DRIFT,1.426070
901,901,DRIFT,0.150000
902,902,HTRIM,0.000000
903,903,VTRIM,0.000000
904,904,DRIFT,0.150000
905,905,BPM,0.000000
906,906,DRIFT,0.308440
907,907,DRIFT,0.050000
908,908,HCHICA,0.000000
909,909,DRIFT,0.050000
910,910,DRIFT,0.137760
911,911,QUAD,0.300000
912,912,DRIFT,0.196800
913,913,QUAD,0.406400
914,914,DRIFT,0.146800
915,915,DRIFT,0.005000
916,916,SEXT,0.290000
917,917,HSTR,0.000000
918,918,VSTR,0.000000
919,919,DRIFT,0.005000
920,920,DRIFT,0.231850
921,921,QUAD,0.606300
922,922,DRIFT,0.458350
923,923,QUAD,0.307000
924,924,DRIFT,0.196500
925,925,DRIFT,0.005000
926,926,SEXT,0.290000
927,927,HSTR,0.000000
928,928,VSTR,0.000000
929,929,DRIFT,0.005000
930,930,DRIFT,0.185000
931,931,BPM,0.000000
932,932,DRIFT,0.484000
933,933,BEND,0.933000
934,934,DRIFT,0.585800
935,935,QUAD,0.406400
936,936,DRIFT,0.158300
937,937,BPM,0.000000
938,938,DRIFT,0.263500
939,939,DRIFT,0.005000
940,940,SEXT,0.190000
941,941,HSTR,0.000000
942,942,VSTR,0.000000
943,943,DRIFT,0.005000
944,944,DRIFT,0.195200
945,945,QUAD,0.407600
946,946,DRIFT,0.118700
947,947,BPM,0.000000
948,948,DRIFT,0.116000
949,949,DRIFT,0.005000
950,950,SEXT,0.290000
951,951,HSTR,0.000000
952,952,VSTR,0.000000
953,953,DRIFT,0.005000
954,954,DRIFT,0.234700
955,955,QUAD,0.407600
956,956,DRIFT,0.195200
957,957,DRIFT,0.005000
958,958,SEXT,0.190000
959,959,HSTR,0.000000
960,960,VSTR,0.000000
961,961,DRIFT,0.005000
962,962,DRIFT,0.421800
963,963,QUAD,0.406400
964,964,DRIFT,0.101800
965,965,BPM,0.000000
966,966,DRIFT,0.484000
967,967,BEND,0.933000
968,968,DRIFT,0.669000
969,969,DRIFT,0.005000
970,970,SEXT,0.290000
971,971,HSTR,0.000000
972,972,VSTR,0.000000
973,973,DRIFT,0.005000
974,974,DRIFT,0.196500
975,975,QUAD,0.307000
976,976,DRIFT,0.173000
977,977,BPM,0.000000
978,978,DRIFT,0.285350
979,979,QUAD,0.606300
980,980,DRIFT,0.231850
981,981,DRIFT,0.005000
982,982,SEXT,0.290000
983,983,HSTR,0.000000
984,984,VSTR,0.000000
985,985,DRIFT,0.005000
986,986,DRIFT,0.146800
987,987,QUAD,0.406400
988,988,DRIFT,0.150600
989,989,BPM,0.000000
990,990,DRIFT,0.234100
991,991,DRIFT,0.050000
992,992,HCHICA,0.000000
993,993,DRIFT,0.050000
994,994,DRIFT,0.727600
995,995,DRIFT,0.050000
996,996,HCHICA,0.000000
997,997,DRIFT,0.050000
998,998,DRIFT,0.539000
999,999,DRIFT,0.150000
1000,1000,HTRIM,0.000000
1001,1001,VTRIM,0.000000
1002,1002,DRIFT,0.150000
1003,1003,DRIFT,0.785000
1004,1004,source,0.000000
1005,1005,DRIFT,0.785000
1006,1006,DRIFT,0.150000
1007,1007,HTRIM,0.000000
1008,1008,VTRIM,0.000000
1009,1009,DRIFT,0.150000
1010,1010,DRIFT,0.059500
1011,1011,BPM10,0.000000
1012,1012,DRIFT,0.037500
1013,1013,DRIFT,0.050000
1014,1014,HCHICA,0.000000
1015,1015,DRIFT,0.050000
1016,1016,DRIFT,0.037500
1017,1017,BPM10,0.000000
1018,1018,DRIFT,0.059500
1019,1019,DRIFT,0.150000
1020,1020,HTRIM,0.000000
1021,1021,VTRIM,0.000000
1022,1022,DRIFT,0.150000
1023,1023,DRIFT,0.785000
1024,1024,source,0.000000
1025,1025,DRIFT,0.785000
1026,1026,DRIFT,0.150000
1027,1027,HTRIM,0.000000
1028,1028,VTRIM,0.000000
1029,1029,DRIFT,0.150000
1030,1030,DRIFT,0.539000
1031,1031,DRIFT,0.050000
1032,1032,HCHICA,0.000000
1033,1033,DRIFT,0.050000
1034,1034,DRIFT,0.727600
1035,1035,DRIFT,0.050000
1036,1036,HCHICA,0.000000
1037,1037,DRIFT,0.050000
1038,1038,DRIFT,0.234600
1039,1039,BPM,0.000000
1040,1040,DRIFT,0.150100
1041,1041,QUAD,0.406400
1042,1042,DRIFT,0.146800
1043,1043,DRIFT,0.005000
1044,1044,SEXT,0.290000
1045,1045,HSTR,0.000000
1046,1046,VSTR,0.000000
1047,1047,DRIFT,0.005000
1048,1048,DRIFT,0.231850
1049,1049,QUAD,0.606300
1050,1050,DRIFT,0.458350
1051,1051,QUAD,0.307000
1052,1052,DRIFT,0.196500
1053,1053,DRIFT,0.005000
1054,1054,SEXT,0.290000
1055,1055,HSTR,0.000000
1056,1056,VSTR,0.000000
1057,1057,DRIFT,0.005000
1058,1058,DRIFT,0.185000
1059,1059,BPM,0.000000
1060,1060,DRIFT,0.484000
1061,1061,BEND,0.933000
1062,1062,DRIFT,0.585800
1063,1063,QUAD,0.406400
1064,1064,DRIFT,0.158300
1065,1065,BPM,0.000000
1066,1066,DRIFT,0.263500
1067,1067,DRIFT,0.005000
1068,1068,SEXT,0.190000
1069,1069,HSTR,0.000000
1070,1070,VSTR,0.000000
1071,1071,DRIFT,0.005000
1072,1072,DRIFT,0.195200
1073,1073,QUAD,0.407600
1074,1074,DRIFT,0.118700
1075,1075,BPM,0.000000
1076,1076,DRIFT,0.116000
1077,1077,DRIFT,0.005000
1078,1078,SEXT,0.290000
1079,1079,HSTR,0.000000
1080,1080,VSTR,0.000000
1081,1081,DRIFT,0.005000
1082,1082,DRIFT,0.234700
1083,1083,QUAD,0.407600
1084,1084,DRIFT,0.195200
1085,1085,DRIFT,0.005000
1086,1086,SEXT,0.190000
1087,1087,HSTR,0.000000
1088,1088,VSTR,0.000000
1089,1089,DRIFT,0.005000
1090,1090,DRIFT,0.421800
1091,1091,QUAD,0.406400
1092,1092,DRIFT,0.101800
1093,1093,BPM,0.000000
1094,1094,DRIFT,0.484000
1095,1095,BEND,0.933000
1096,1096,DRIFT,0.669000
1097,1097,DRIFT,0.005000
1098,1098,SEXT,0.290000
1099,1099,HSTR,0.000000
1100,1100,VSTR,0.000000
1101,1101,DRIFT,0.005000
1102,1102,DRIFT,0.196500
1103,1103,QUAD,0.307000
1104,1104,DRIFT,0.173000
1105,1105,BPM,0.000000
1106,1106,DRIFT,0.285350
1107,1107,QUAD,0.606300
1108,1108,DRIFT,0.231850
1109,1109,DRIFT,0.005000
1110,1110,SEXT,0.290000
1111,1111,HSTR,0.000000
1112,1112,VSTR,0.000000
1113,1113,DRIFT,0.005000
1114,1114,DRIFT,0.146800
1115,1115,QUAD,0.406400
1116,1116,DRIFT,1.288300
1117,1117,BPM,0.000000
1118,1118,DRIFT,0.002500
1119,1119,DRIFT,0.150000
1120,1120,HTRIM,0.000000
1121,1121,VTRIM,0.000000
1122,1122,DRIFT,0.150000
1123,1123,DRIFT,2.577500
1124,1124,source,0.000000
1125,1125,DRIFT,2.577500
1126,1126,DRIFT,0.150000
1127,1127,HTRIM,0.000000
1128,1128,VTRIM,0.000000
1129,1129,DRIFT,0.150000
1130,1130,DRIFT,0.002500
1131,1131,BPM,0.000000
1132,1132,DRIFT,1.288300
1133,1133,QUAD,0.406400
1134,1134,DRIFT,0.146800
1135,1135,DRIFT,0.005000
1136,1136,SEXT,0.290000
1137,1137,HSTR,0.000000
1138,1138,VSTR,0.000000
1139,1139,DRIFT,0.005000
1140,1140,DRIFT,0.231850
1141,1141,QUAD,0.606300
1142,1142,DRIFT,0.458350
1143,1143,QUAD,0.307000
1144,1144,DRIFT,0.196500
1145,1145,DRIFT,0.005000
1146,1146,SEXT,0.290000
1147,1147,HSTR,0.000000
1148,1148,VSTR,0.000000
1149,1149,DRIFT,0.005000
1150,1150,DRIFT,0.185000
1151,1151,BPM,0.000000
1152,1152,DRIFT,0.484000
1153,1153,BEND,0.933000
1154,1154,DRIFT,0.585800
1155,1155,QUAD,0.406400
1156,1156,DRIFT,0.158300
1157,1157,BPM,0.000000
1158,1158,DRIFT,0.263500
1159,1159,DRIFT,0.005000
1160,1160,SEXT,0.190000
1161,1161,HSTR,0.000000
1162,1162,VSTR,0.000000
1163,1163,DRIFT,0.005000
1164,1164,DRIFT,0.195200
1165,1165,QUAD,0.407600
1166,1166,DRIFT,0.118700
1167,1167,BPM,0.000000
1168,1168,DRIFT,0.116000
1169,1169,DRIFT,0.005000
1170,1170,SEXT,0.290000
1171,1171,HSTR,0.000000
1172,1172,VSTR,0.000000
1173,1173,DRIFT,0.005000
1174,1174,DRIFT,0.234700
1175,1175,QUAD,0.407600
1176,1176,DRIFT,0.195200
1177,1177,DRIFT,0.005000
1178,1178,SEXT,0.190000
1179,1179,HSTR,0.000000
1180,1180,VSTR,0.000000
1181,1181,DRIFT,0.005000
1182,1182,DRIFT,0.421800
1183,1183,QUAD,0.406400
1184,1184,DRIFT,0.101800
1185,1185,BPM,0.000000
1186,1186,DRIFT,0.484000
1187,1187,BEND,0.933000
1188,1188,DRIFT,0.669000
1189,1189,DRIFT,0.005000
1190,1190,SEXT,0.290000
1191,1191,HSTR,0.000000
1192,1192,VSTR,0.000000
1193,1193,DRIFT,0.005000
1194,1194,DRIFT,0.196500
1195,1195,QUAD,0.307000
1196,1196,DRIFT,0.173000
1197,1197,BPM,0.000000
1198,1198,DRIFT,0.285350
1199,1199,QUAD,0.606300
1200,1200,DRIFT,0.231850
1201,1201,DRIFT,0.005000
1202,1202,SEXT,0.290000
1203,1203,HSTR,0.000000
1204,1204,VSTR,0.000000
1205,1205,DRIFT,0.005000
1206,1206,DRIFT,0.146800
1207,1207,QUAD,0.406400
1208,1208,DRIFT,1.288300
1209,1209,BPM,0.000000
1210,1210,DRIFT,0.002500
1211,1211,DRIFT,2.002500
1212,1212,DRIFT,0.150000
1213,1213,HTRIM,0.000000
1214,1214,VTRIM,0.000000
1215,1215,DRIFT,0.150000
1216,1216,MPW12,1.150000
1217,1217,DRIFT,0.150000
1218,1218,HTRIM,0.000000
1219,1219,VTRIM,0.000000
1220,1220,DRIFT,0.150000
1221,1221,DRIFT,2.002500
1222,1222,DRIFT,0.002500
1223,1223,BPM,0.000000
1224,1224,DRIFT,1.288300
1225,1225,QUAD,0.406400
1226,1226,DRIFT,0.146800
1227,1227,DRIFT,0.005000
1228,1228,SEXT,0.290000
1229,1229,HSTR,0.000000
1230,1230,VSTR,0.000000
1231,1231,DRIFT,0.005000
1232,1232,DRIFT,0.231850
1233,1233,QUAD,0.606300
1234,1234,DRIFT,0.458350
1235,1235,QUAD,0.307000
1236,1236,DRIFT,0.196500
1237,1237,DRIFT,0.005000
1238,1238,SEXT,0.290000
1239,1239,HSTR,0.000000
1240,1240,VSTR,0.000000
1241,1241,DRIFT,0.005000
1242,1242,DRIFT,0.185000
1243,1243,BPM,0.000000
1244,1244,DRIFT,0.484000
1245,1245,BEND,0.933000
1246,1246,DRIFT,0.585800
1247,1247,QUAD,0.406400
1248,1248,DRIFT,0.158300
1249,1249,BPM,0.000000
1250,1250,DRIFT,0.263500
1251,1251,DRIFT,0.005000
1252,1252,SEXT,0.190000
1253,1253,HSTR,0.000000
1254,1254,VSTR,0.000000
1255,1255,DRIFT,0.005000
1256,1256,DRIFT,0.195200
1257,1257,QUAD,0.407600
1258,1258,DRIFT,0.118700
1259,1259,BPM,0.000000
1260,1260,DRIFT,0.116000
1261,1261,DRIFT,0.005000
1262,1262,SEXT,0.290000
1263,1263,HSTR,0.000000
1264,1264,VSTR,0.000000
1265,1265,DRIFT,0.005000
1266,1266,DRIFT,0.234700
1267,1267,QUAD,0.407600
1268,1268,DRIFT,0.195200
1269,1269,DRIFT,0.005000
1270,1270,SEXT,0.190000
1271,1271,HSTR,0.000000
1272,1272,VSTR,0.000000
1273,1273,DRIFT,0.005000
1274,1274,DRIFT,0.421800
1275,1275,QUAD,0.406400
1276,1276,DRIFT,0.101800
1277,1277,BPM,0.000000
1278,1278,DRIFT,0.484000
1279,1279,BEND,0.933000
1280,1280,DRIFT,0.669000
1281,1281,DRIFT,0.005000
1282,1282,SEXT,0.290000
1283,1283,HSTR,0.000000
1284,1284,VSTR,0.000000
1285,1285,DRIFT,0.005000
1286,1286,DRIFT,0.196500
1287,1287,QUAD,0.307000
1288,1288,DRIFT,0.173000
1289,1289,BPM,0.000000
1290,1290,DRIFT,0.285350
1291,1291,QUAD,0.606300
1292,1292,DRIFT,0.231850
1293,1293,DRIFT,0.005000
1294,1294,SEXT,0.290000
1295,1295,HSTR,0.000000
1296,1296,VSTR,0.000000
1297,1297,DRIFT,0.005000
1298,1298,DRIFT,0.146800
1299,1299,QUAD,0.406400
1300,1300,DRIFT,0.288340
1301,1301,QUAD,0.300000
1302,1302,DRIFT,0.152700
1303,1303,DRIFT,0.050000
1304,1304,HCHICA,0.000000
1305,1305,DRIFT,0.050000
1306,1306,DRIFT,0.310760
1307,1307,BPM,0.000000
1308,1308,DRIFT,0.150000
1309,1309,HTRIM,0.000000
1310,1310,VTRIM,0.000000
1311,1311,DRIFT,0.150000
1312,1312,DRIFT,1.202985
1313,1313,source,0.000000
1314,1314,DRIFT,1.202985
1315,1315,DRIFT,0.150000
1316,1316,HTRIM,0.000000
1317,1317,VTRIM,0.000000
1318,1318,DRIFT,0.150000
1319,1319,BPM,0.000000
1320,1320,DRIFT,0.259750
1321,1321,HSTR,0.000000
1322,1322,VSTR,0.000000
1323,1323,DRIFT,0.564530
1324,1324,DRIFT,0.050000
1325,1325,HCHICA,0.000000
1326,1326,DRIFT,0.050000
1327,1327,DRIFT,0.385900
1328,1328,QUAD,0.600000
1329,1329,DRIFT,0.200150
1330,1330,QUAD,0.400000
1331,1331,DRIFT,0.092480
1332,1332,BPM,0.000000
1333,1333,DRIFT,0.081290
1334,1334,HSTR,0.000000
1335,1335,VSTR,0.000000
1336,1336,DRIFT,0.150000
1337,1337,HTRIM,0.000000
1338,1338,VTRIM,0.000000
1339,1339,DRIFT,0.150000
1340,1340,DRIFT,1.425865
1341,1341,source,0.000000
1342,1342,DRIFT,1.425865
1343,1343,DRIFT,0.150000
1344,1344,HTRIM,0.000000
1345,1345,VTRIM,0.000000
1346,1346,DRIFT,0.150000
1347,1347,BPM,0.000000
1348,1348,DRIFT,0.308440
1349,1349,DRIFT,0.050000
1350,1350,HCHICA,0.000000
1351,1351,DRIFT,0.050000
1352,1352,DRIFT,0.137760
1353,1353,QUAD,0.300000
1354,1354,DRIFT,0.196800
1355,1355,QUAD,0.406400
1356,1356,DRIFT,0.146800
1357,1357,DRIFT,0.005000
1358,1358,SEXT,0.290000
1359,1359,HSTR,0.000000
1360,1360,VSTR,0.000000
1361,1361,DRIFT,0.005000
1362,1362,DRIFT,0.231850
1363,1363,QUAD,0.606300
1364,1364,DRIFT,0.458350
1365,1365,QUAD,0.307000
1366,1366,DRIFT,0.196500
1367,1367,DRIFT,0.005000
1368,1368,SEXT,0.290000
1369,1369,HSTR,0.000000
1370,1370,VSTR,0.000000
1371,1371,DRIFT,0.005000
1372,1372,DRIFT,0.185000
1373,1373,BPM,0.000000
1374,1374,DRIFT,0.484000
1375,1375,BEND,0.933000
1376,1376,DRIFT,0.585800
1377,1377,QUAD,0.406400
1378,1378,DRIFT,0.158300
1379,1379,BPM,0.000000
1380,1380,DRIFT,0.263500
1381,1381,DRIFT,0.005000
1382,1382,SEXT,0.190000
1383,1383,HSTR,0.000000
1384,1384,VSTR,0.000000
1385,1385,DRIFT,0.005000
1386,1386,DRIFT,0.195200
1387,1387,QUAD,0.407600
1388,1388,DRIFT,0.118700
1389,1389,BPM,0.000000
1390,1390,DRIFT,0.116000
1391,1391,DRIFT,0.005000
1392,1392,SEXT,0.290000
1393,1393,HSTR,0.000000
1394,1394,VSTR,0.000000
1395,1395,DRIFT,0.005000
1396,1396,DRIFT,0.234700
1397,1397,QUAD,0.407600
1398,1398,DRIFT,0.195200
1399,1399,DRIFT,0.005000
1400,1400,SEXT,0.190000
1401,1401,HSTR,0.000000
1402,1402,VSTR,0.000000
1403,1403,DRIFT,0.005000
1404,1404,DRIFT,0.421800
1405,1405,QUAD,0.406400
1406,1406,DRIFT,0.101800
1407,1407,BPM,0.000000
1408,1408,DRIFT,0.484000
1409,1409,BEND,0.933000
1410,1410,DRIFT,0.669000
1411,1411,DRIFT,0.005000
1412,1412,SEXT,0.290000
1413,1413,HSTR,0.000000
1414,1414,VSTR,0.000000
1415,1415,DRIFT,0.005000
1416,1416,DRIFT,0.196500
1417,1417,QUAD,0.307000
1418,1418,DRIFT,0.173000
1419,1419,BPM,0.000000
1420,1420,DRIFT,0.285350
1421,1421,QUAD,0.606300
1422,1422,DRIFT,0.231850
1423,1423,DRIFT,0.005000
1424,1424,SEXT,0.290000
1425,1425,HSTR,0.000000
1426,1426,VSTR,0.000000
1427,1427,DRIFT,0.005000
1428,1428,DRIFT,0.146800
1429,1429,QUAD,0.406400
1430,1430,DRIFT,1.288300
1431,1431,BPM,0.000000
1432,1432,DRIFT,0.002500
1433,1433,DRIFT,0.150000
1434,1434,HTRIM,0.000000
1435,1435,VTRIM,0.000000
1436,1436,DRIFT,0.150000
1437,1437,DRIFT,2.577500
1438,1438,source,0.000000
1439,1439,DRIFT,2.577500
1440,1440,DRIFT,0.150000
1441,1441,HTRIM,0.000000
1442,1442,VTRIM,0.000000
1443,1443,DRIFT,0.150000
1444,1444,DRIFT,0.002500
1445,1445,BPM,0.000000
1446,1446,DRIFT,1.288300
1447,1447,QUAD,0.406400
1448,1448,DRIFT,0.146800
1449,1449,DRIFT,0.005000
1450,1450,SEXT,0.290000
1451,1451,HSTR,0.000000
1452,1452,VSTR,0.000000
1453,1453,DRIFT,0.005000
1454,1454,DRIFT,0.231850
1455,1455,QUAD,0.606300
1456,1456,DRIFT,0.458350
1457,1457,QUAD,0.307000
1458,1458,DRIFT,0.196500
1459,1459,DRIFT,0.005000
1460,1460,SEXT,0.290000
1461,1461,HSTR,0.000000
1462,1462,VSTR,0.000000
1463,1463,DRIFT,0.005000
1464,1464,DRIFT,0.185000
1465,1465,BPM,0.000000
1466,1466,DRIFT,0.484000
1467,1467,BEND,0.933000
1468,1468,DRIFT,0.585800
1469,1469,QUAD,0.406400
1470,1470,DRIFT,0.158300
1471,1471,BPM,0.000000
1472,1472,DRIFT,0.263500
1473,1473,DRIFT,0.005000
1474,1474,SEXT,0.190000
1475,1475,HSTR,0.000000
1476,1476,VSTR,0.000000
1477,1477,DRIFT,0.005000
1478,1478,DRIFT,0.195200
1479,1479,QUAD,0.407600
1480,1480,DRIFT,0.118700
1481,1481,BPM,0.000000
1482,1482,DRIFT,0.116000
1483,1483,DRIFT,0.005000
1484,1484,SEXT,0.290000
1485,1485,HSTR,0.000000
1486,1486,VSTR,0.000000
1487,1487,DRIFT,0.005000
1488,1488,DRIFT,0.234700
1489,1489,QUAD,0.407600
1490,1490,DRIFT,0.195200
1491,1491,DRIFT,0.005000
1492,1492,SEXT,0.190000
1493,1493,HSTR,0.000000
1494,1494,VSTR,0.000000
1495,1495,DRIFT,0.005000
1496,1496,DRIFT,0.421800
1497,1497,QUAD,0.406400
1498,1498,DRIFT,0.101800
1499,1499,BPM,0.000000
1500,1500,DRIFT,0.484000
1501,1501,BEND,0.933000
1502,1502,DRIFT,0.669000
1503,1503,DRIFT,0.005000
1504,1504,SEXT,0.290000
1505,1505,HSTR,0.000000
1506,1506,VSTR,0.000000
1507,1507,DRIFT,0.005000
1508,1508,DRIFT,0.196500
1509,1509,QUAD,0.307000
1510,1510,DRIFT,0.173000
1511,1511,BPM,0.000000
1512,1512,DRIFT,0.285350
1513,1513,QUAD,0.606300
1514,1514,DRIFT,0.231850
1515,1515,DRIFT,0.005000
1516,1516,SEXT,0.290000
1517,1517,HSTR,0.000000
1518,1518,VSTR,0.000000
1519,1519,DRIFT,0.005000
1520,1520,DRIFT,0.146800
1521,1521,QUAD,0.406400
1522,1522,DRIFT,1.288300
1523,1523,BPM,0.000000
1524,1524,DRIFT,0.002500
1525,1525,DRIFT,1.857500
1526,1526,DRIFT,0.150000
1527,1527,HTRIM,0.000000
1528,1528,VTRIM,0.000000
1529,1529,DRIFT,0.150000
1530,1530,MPW15,1.440000
1531,1531,DRIFT,0.150000
1532,1532,HTRIM,0.000000
1533,1533,VTRIM,0.000000
1534,1534,DRIFT,0.150000
1535,1535,DRIFT,1.857500
1536,1536,DRIFT,0.002500
1537,1537,BPM,0.000000
1538,1538,DRIFT,1.288300
1539,1539,QUAD,0.406400
1540,1540,DRIFT,0.146800
1541,1541,DRIFT,0.005000
1542,1542,SEXT,0.290000
1543,1543,HSTR,0.000000
1544,1544,VSTR,0.000000
1545,1545,DRIFT,0.005000
1546,1546,DRIFT,0.231850
1547,1547,QUAD,0.606300
1548,1548,DRIFT,0.458350
1549,1549,QUAD,0.307000
1550,1550,DRIFT,0.196500
1551,1551,DRIFT,0.005000
1552,1552,SEXT,0.290000
1553,1553,HSTR,0.000000
1554,1554,VSTR,0.000000
1555,1555,DRIFT,0.005000
1556,1556,DRIFT,0.185000
1557,1557,BPM,0.000000
1558,1558,DRIFT,0.484000
1559,1559,BEND,0.933000
1560,1560,DRIFT,0.585800
1561,1561,QUAD,0.406400
1562,1562,DRIFT,0.158300
1563,1563,BPM,0.000000
1564,1564,DRIFT,0.263500
1565,1565,DRIFT,0.005000
1566,1566,SEXT,0.190000
1567,1567,HSTR,0.000000
1568,1568,VSTR,0.000000
1569,1569,DRIFT,0.005000
1570,1570,DRIFT,0.195200
1571,1571,QUAD,0.407600
1572,1572,DRIFT,0.118700
1573,1573,BPM,0.000000
1574,1574,DRIFT,0.116000
1575,1575,DRIFT,0.005000
1576,1576,SEXT,0.290000
1577,1577,HSTR,0.000000
1578,1578,VSTR,0.000000
1579,1579,DRIFT,0.005000
1580,1580,DRIFT,0.234700
1581,1581,QUAD,0.407600
1582,1582,DRIFT,0.195200
1583,1583,DRIFT,0.005000
1584,1584,SEXT,0.190000
1585,1585,HSTR,0.000000
1586,1586,VSTR,0.000000
1587,1587,DRIFT,0.005000
1588,1588,DRIFT,0.421800
1589,1589,QUAD,0.406400
1590,1590,DRIFT,0.101800
1591,1591,BPM,0.000000
1592,1592,DRIFT,0.484000
1593,1593,BEND,0.933000
1594,1594,DRIFT,0.669000
1595,1595,DRIFT,0.005000
1596,1596,SEXT,0.290000
1597,1597,HSTR,0.000000
1598,1598,VSTR,0.000000
1599,1599,DRIFT,0.005000
1600,1600,DRIFT,0.196500
1601,1601,QUAD,0.307000
1602,1602,DRIFT,0.173000
1603,1603,BPM,0.000000
1604,1604,DRIFT,0.285350
1605,1605,QUAD,0.606300
1606,1606,DRIFT,0.231850
1607,1607,DRIFT,0.005000
1608,1608,SEXT,0.290000
1609,1609,HSTR,0.000000
1610,1610,VSTR,0.000000
1611,1611,DRIFT,0.005000
1612,1612,DRIFT,0.146800
1613,1613,QUAD,0.406400
1614,1614,DRIFT,1.288300
1615,1615,BPM,0.000000
1616,1616,DRIFT,0.002500
1617,1617,DRIFT,1.605500
1618,1618,DRIFT,0.150000
1619,1619,HTRIM,0.000000
1620,1620,VTRIM,0.000000
1621,1621,DRIFT,0.150000
1622,1622,DRIFT,0.972000
1623,1623,source,0.000000
1624,1624,DRIFT,0.972000
1625,1625,DRIFT,0.150000
1626,1626,HTRIM,0.000000
1627,1627,VTRIM,0.000000
1628,1628,DRIFT,0.150000
1629,1629,DRIFT,1.605500
1630,1630,DRIFT,0.002500
1631,1631,BPM,0.000000
1632,1632,DRIFT,1.288300
1633,1633,QUAD,0.406400
1634,1634,DRIFT,0.146800
1635,1635,DRIFT,0.005000
1636,1636,SEXT,0.290000
1637,1637,HSTR,0.000000
1638,1638,VSTR,0.000000
1639,1639,DRIFT,0.005000
1640,1640,DRIFT,0.231850
1641,1641,QUAD,0.606300
1642,1642,DRIFT,0.458350
1643,1643,QUAD,0.307000
1644,1644,DRIFT,0.196500
1645,1645,DRIFT,0.005000
1646,1646,SEXT,0.290000
1647,1647,HSTR,0.000000
1648,1648,VSTR,0.000000
1649,1649,DRIFT,0.005000
1650,1650,DRIFT,0.185000
1651,1651,BPM,0.000000
1652,1652,DRIFT,0.484000
1653,1653,BEND,0.933000
1654,1654,DRIFT,0.585800
1655,1655,QUAD,0.406400
1656,1656,DRIFT,0.158300
1657,1657,BPM,0.000000
1658,1658,DRIFT,0.263500
1659,1659,DRIFT,0.005000
1660,1660,SEXT,0.190000
1661,1661,HSTR,0.000000
1662,1662,VSTR,0.000000
1663,1663,DRIFT,0.005000
1664,1664,DRIFT,0.195200
1665,1665,QUAD,0.407600
1666,1666,DRIFT,0.118700
1667,1667,BPM,0.000000
1668,1668,DRIFT,0.116000
1669,1669,DRIFT,0.005000
1670,1670,SEXT,0.290000
1671,1671,HSTR,0.000000
1672,1672,VSTR,0.000000
1673,1673,DRIFT,0.005000
1674,1674,DRIFT,0.234700
1675,1675,QUAD,0.407600
1676,1676,DRIFT,0.195200
1677,1677,DRIFT,0.005000
1678,1678,SEXT,0.190000
1679,1679,HSTR,0.000000
1680,1680,VSTR,0.000000
1681,1681,DRIFT,0.005000
1682,1682,DRIFT,0.421800
1683,1683,QUAD,0.406400
1684,1684,DRIFT,0.101800
1685,1685,BPM,0.000000
1686,1686,DRIFT,0.484000
1687,1687,source,0.000000
1688,1688,BEND,0.933000
1689,1689,DRIFT,0.669000
1690,1690,DRIFT,0.005000
1691,1691,SEXT,0.290000
1692,1692,HSTR,0.000000
1693,1693,VSTR,0.000000
1694,1694,DRIFT,0.005000
1695,1695,DRIFT,0.196500
1696,1696,QUAD,0.307000
1697,1697,DRIFT,0.173000
1698,1698,BPM,0.000000
1699,1699,DRIFT,0.285350
1700,1700,QUAD,0.606300
1701,1701,DRIFT,0.231850
1702,1702,DRIFT,0.005000
1703,1703,SEXT,0.290000
1704,1704,HSTR,0.000000
1705,1705,VSTR,0.000000
1706,1706,DRIFT,0.005000
1707,1707,DRIFT,0.146800
1708,1708,QUAD,0.406400
1709,1709,DRIFT,1.288300
1710,1710,BPM,0.000000
1711,1711,DRIFT,4.380000
1712,1712,RF,0.000000
1713,1713,AP,0.000000
1714,1714,DRIFT,4.380000
1715,1715,BPM,0.000000
1716,1716,DRIFT,1.288300
1717,1717,QUAD,0.406400
1718,1718,DRIFT,0.146800
1719,1719,DRIFT,0.005000
1720,1720,SEXT,0.290000
1721,1721,HSTR,0.000000
1722,1722,VSTR,0.000000
1723,1723,DRIFT,0.005000
1724,1724,DRIFT,0.231850
1725,1725,QUAD,0.606300
1726,1726,DRIFT,0.458350
1727,1727,QUAD,0.307000
1728,1728,DRIFT,0.196500
1729,1729,DRIFT,0.005000
1730,1730,SEXT,0.290000
1731,1731,HSTR,0.000000
1732,1732,VSTR,0.000000
1733,1733,DRIFT,0.005000
1734,1734,DRIFT,0.185000
1735,1735,BPM,0.000000
1736,1736,DRIFT,0.484000
1737,1737,BEND,0.933000
1738,1738,DRIFT,0.585800
1739,1739,QUAD,0.406400
1740,1740,DRIFT,0.158300
1741,1741,BPM,0.000000
1742,1742,DRIFT,0.263500
1743,1743,DRIFT,0.005000
1744,1744,SEXT,0.190000
1745,1745,HSTR,0.000000
1746,1746,VSTR,0.000000
1747,1747,DRIFT,0.005000
1748,1748,DRIFT,0.195200
1749,1749,QUAD,0.407600
1750,1750,DRIFT,0.118700
1751,1751,BPM,0.000000
1752,1752,DRIFT,0.116000
1753,1753,DRIFT,0.005000
1754,1754,SEXT,0.290000
1755,1755,HSTR,0.000000
1756,1756,VSTR,0.000000
1757,1757,DRIFT,0.005000
1758,1758,DRIFT,0.234700
1759,1759,QUAD,0.407600
1760,1760,DRIFT,0.195200
1761,1761,DRIFT,0.005000
1762,1762,SEXT,0.190000
1763,1763,HSTR,0.000000
1764,1764,VSTR,0.000000
1765,1765,DRIFT,0.005000
1766,1766,DRIFT,0.421800
1767,1767,QUAD,0.406400
1768,1768,DRIFT,0.101800
1769,1769,BPM,0.000000
1770,1770,DRIFT,0.484000
1771,1771,BEND,0.933000
1772,1772,DRIFT,0.669000
1773,1773,DRIFT,0.005000
1774,1774,SEXT,0.290000
1775,1775,HSTR,0.000000
1776,1776,VSTR,0.000000
1777,1777,DRIFT,0.005000
1778,1778,DRIFT,0.196500
1779,1779,QUAD,0.307000
1780,1780,DRIFT,0.173000
1781,1781,BPM,0.000000
1782,1782,DRIFT,0.285350
1783,1783,QUAD,0.606300
1784,1784,DRIFT,0.231850
1785,1785,DRIFT,0.005000
1786,1786,SEXT,0.290000
1787,1787,HSTR,0.000000
1788,1788,VSTR,0.000000
1789,1789,DRIFT,0.005000
1790,1790,DRIFT,0.146800
1791,1791,QUAD,0.406400
1792,1792,DRIFT,1.288300
1793,1793,BPM,0.000000
1794,1794,DRIFT,0.002500
1795,1795,DRIFT,1.605500
1796,1796,DRIFT,0.150000
1797,1797,HTRIM,0.000000
1798,1798,VTRIM,0.000000
1799,1799,DRIFT,0.150000
1800,1800,DRIFT,0.972000
1801,1801,source,0.000000
1802,1802,DRIFT,0.972000
1803,1803,DRIFT,0.150000
1804,1804,HTRIM,0.000000
1805,1805,VTRIM,0.000000
1806,1806,DRIFT,0.150000
1807,1807,DRIFT,1.605500
1808,1808,DRIFT,0.002500
1809,1809,BPM,0.000000
1810,1810,DRIFT,1.288300
1811,1811,QUAD,0.406400
1812,1812,DRIFT,0.146800
1813,1813,DRIFT,0.005000
1814,1814,SEXT,0.290000
1815,1815,HSTR,0.000000
1816,1816,VSTR,0.000000
1817,1817,DRIFT,0.005000
1818,1818,DRIFT,0.231850
1819,1819,QUAD,0.606300
1820,1820,DRIFT,0.458350
1821,1821,QUAD,0.307000
1822,1822,DRIFT,0.196500
1823,1823,DRIFT,0.005000
1824,1824,SEXT,0.290000
1825,1825,HSTR,0.000000
1826,1826,VSTR,0.000000
1827,1827,DRIFT,0.005000
1828,1828,DRIFT,0.185000
1829,1829,BPM,0.000000
1830,1830,DRIFT,0.484000
1831,1831,BEND,0.933000
1832,1832,DRIFT,0.585800
1833,1833,QUAD,0.406400
1834,1834,DRIFT,0.158300
1835,1835,BPM,0.000000
1836,1836,DRIFT,0.263500
1837,1837,DRIFT,0.005000
1838,1838,SEXT,0.190000
1839,1839,HSTR,0.000000
1840,1840,VSTR,0.000000
1841,1841,DRIFT,0.005000
1842,1842,DRIFT,0.195200
1843,1843,QUAD,0.407600
1844,1844,DRIFT,0.118700
1845,1845,BPM,0.000000
1846,1846,DRIFT,0.116000
1847,1847,DRIFT,0.005000
1848,1848,SEXT,0.290000
1849,1849,HSTR,0.000000
1850,1850,VSTR,0.000000
1851,1851,DRIFT,0.005000
1852,1852,DRIFT,0.234700
1853,1853,QUAD,0.407600
1854,1854,DRIFT,0.195200
1855,1855,DRIFT,0.005000
1856,1856,SEXT,0.190000
1857,1857,HSTR,0.000000
1858,1858,VSTR,0.000000
1859,1859,DRIFT,0.005000
1860,1860,DRIFT,0.421800
1861,1861,QUAD,0.406400
1862,1862,DRIFT,0.101800
1863,1863,BPM,0.000000
1864,1864,DRIFT,0.484000
1865,1865,source,0.000000
1866,1866,BEND,0.933000
1867,1867,DRIFT,0.669000
1868,1868,DRIFT,0.005000
1869,1869,SEXT,0.290000
1870,1870,HSTR,0.000000
1871,1871,VSTR,0.000000
1872,1872,DRIFT,0.005000
1873,1873,DRIFT,0.196500
1874,1874,QUAD,0.307000
1875,1875,DRIFT,0.173000
1876,1876,BPM,0.000000
1877,1877,DRIFT,0.285350
1878,1878,QUAD,0.606300
1879,1879,DRIFT,0.231850
1880,1880,DRIFT,0.005000
1881,1881,SEXT,0.290000
1882,1882,HSTR,0.000000
1883,1883,VSTR,0.000000
1884,1884,DRIFT,0.005000
1885,1885,DRIFT,0.146800
1886,1886,QUAD,0.406400
1887,1887,DRIFT,1.288300
1888,1888,BPM,0.000000
1889,1889,DRIFT,0.002500
1890,1890,DRIFT,0.150000
1891,1891,HTRIM,0.000000
1892,1892,VTRIM,0.000000
1893,1893,DRIFT,0.150000
1894,1894,DRIFT,2.577500
1895,1895,source,0.000000
1896,1896,DRIFT,2.577500
1897,1897,DRIFT,0.150000
1898,1898,HTRIM,0.000000
1899,1899,VTRIM,0.000000
1900,1900,DRIFT,0.150000
1901,1901,DRIFT,0.002500
1902,1902,BPM,0.000000
1903,1903,DRIFT,1.288300
1904,1904,QUAD,0.406400
1905,1905,DRIFT,0.146800
1906,1906,DRIFT,0.005000
1907,1907,SEXT,0.290000
1908,1908,HSTR,0.000000
1909,1909,VSTR,0.000000
1910,1910,DRIFT,0.005000
1911,1911,DRIFT,0.231850
1912,1912,QUAD,0.606300
1913,1913,DRIFT,0.458350
1914,1914,QUAD,0.307000
1915,1915,DRIFT,0.196500
1916,1916,DRIFT,0.005000
1917,1917,SEXT,0.290000
1918,1918,HSTR,0.000000
1919,1919,VSTR,0.000000
1920,1920,DRIFT,0.005000
1921,1921,DRIFT,0.185000
1922,1922,BPM,0.000000
1923,1923,DRIFT,0.484000
1924,1924,BEND,0.933000
1925,1925,DRIFT,0.585800
1926,1926,QUAD,0.406400
1927,1927,DRIFT,0.158300
1928,1928,BPM,0.000000
1929,1929,DRIFT,0.263500
1930,1930,DRIFT,0.005000
1931,1931,SEXT,0.190000
1932,1932,HSTR,0.000000
1933,1933,VSTR,0.000000
1934,1934,DRIFT,0.005000
1935,1935,DRIFT,0.195200
1936,1936,QUAD,0.407600
1937,1937,DRIFT,0.118700
1938,1938,BPM,0.000000
1939,1939,DRIFT,0.116000
1940,1940,DRIFT,0.005000
1941,1941,SEXT,0.290000
1942,1942,HSTR,0.000000
1943,1943,VSTR,0.000000
1944,1944,DRIFT,0.005000
1945,1945,DRIFT,0.234700
1946,1946,QUAD,0.407600
1947,1947,DRIFT,0.195200
1948,1948,DRIFT,0.005000
1949,1949,SEXT,0.190000
1950,1950,HSTR,0.000000
1951,1951,VSTR,0.000000
1952,1952,DRIFT,0.005000
1953,1953,DRIFT,0.421800
1954,1954,QUAD,0.406400
1955,1955,DRIFT,0.101800
1956,1956,BPM,0.000000
1957,1957,DRIFT,0.484000
1958,1958,BEND,0.933000
1959,1959,DRIFT,0.669000
1960,1960,DRIFT,0.005000
1961,1961,SEXT,0.290000
1962,1962,HSTR,0.000000
1963,1963,VSTR,0.000000
1964,1964,DRIFT,0.005000
1965,1965,DRIFT,0.196500
1966,1966,QUAD,0.307000
1967,1967,DRIFT,0.173000
1968,1968,BPM,0.000000
1969,1969,DRIFT,0.285350
1970,1970,QUAD,0.606300
1971,1971,DRIFT,0.231850
1972,1972,DRIFT,0.005000
1973,1973,SEXT,0.290000
1974,1974,HSTR,0.000000
1975,1975,VSTR,0.000000
1976,1976,DRIFT,0.005000
1977,1977,DRIFT,0.146800
1978,1978,QUAD,0.406400
1979,1979,DRIFT,1.288300
1980,1980,BPM,0.000000
1981,1981,DRIFT,0.002500
1982,1982,DRIFT,0.227500
1983,1983,DRIFT,0.149000
1984,1984,DRIFT,0.050000
1985,1985,HCHICA,0.000000
1986,1986,DRIFT,0.050000
1987,1987,DRIFT,1.016000
1988,1988,DRIFT,0.050000
1989,1989,DRIFT,0.100000
1990,1990,HTRIM,0.000000
1991,1991,VTRIM,0.000000
1992,1992,DRIFT,0.100000
1993,1993,DRIFT,0.046000
1994,1994,DRIFT,1.014000
1995,1995,source,0.000000
1996,1996,DRIFT,1.014000
1997,1997,DRIFT,0.038000
1998,1998,DRIFT,0.050000
1999,1999,DRIFT,0.100000
2000,2000,HTRIM,0.000000
2001,2001,VTRIM,0.000000
2002,2002,DRIFT,0.100000
2003,2003,DRIFT,0.050000
2004,2004,DRIFT,0.022000
2005,2005,DRIFT,0.050000
2006,2006,HCHICA,0.000000
2007,2007,DRIFT,0.050000
2008,2008,DRIFT,0.022500
2009,2009,HTRIM,0.000000
2010,2010,VTRIM,0.000000
2011,2011,DRIFT,0.397500
2012,2012,source,0.000000
2013,2013,DRIFT,0.397500
2014,2014,HTRIM,0.000000
2015,2015,VTRIM,0.000000
2016,2016,DRIFT,0.130000
2017,2017,DRIFT,0.050000
2018,2018,DRIFT,0.050000
2019,2019,HCHICA,0.000000
2020,2020,DRIFT,0.050000
2021,2021,DRIFT,0.203000
2022,2022,DRIFT,0.178000
2023,2023,DRIFT,0.002500
2024,2024,BPM,0.000000
2025,2025,DRIFT,0.288300
2026,2026,DRIFT,1.000000
2027,2027,QUAD,0.406400
2028,2028,DRIFT,0.146800
2029,2029,DRIFT,0.005000
2030,2030,SEXT,0.290000
2031,2031,HSTR,0.000000
2032,2032,VSTR,0.000000
2033,2033,DRIFT,0.005000
2034,2034,DRIFT,0.231850
2035,2035,QUAD,0.606300
2036,2036,DRIFT,0.458350
2037,2037,QUAD,0.307000
2038,2038,DRIFT,0.196500
2039,2039,DRIFT,0.005000
2040,2040,SEXT,0.290000
2041,2041,HSTR,0.000000
2042,2042,VSTR,0.000000
2043,2043,DRIFT,0.005000
2044,2044,DRIFT,0.185000
2045,2045,BPM,0.000000
2046,2046,DRIFT,0.484000
2047,2047,BEND,0.933000
2048,2048,DRIFT,0.585800
2049,2049,QUAD,0.406400
2050,2050,DRIFT,0.158300
2051,2051,BPM,0.000000
2052,2052,DRIFT,0.263500
2053,2053,DRIFT,0.005000
2054,2054,SEXT,0.190000
2055,2055,HSTR,0.000000
2056,2056,VSTR,0.000000
2057,2057,DRIFT,0.005000
2058,2058,DRIFT,0.195200
2059,2059,QUAD,0.407600
2060,2060,DRIFT,0.118700
2061,2061,BPM,0.000000
2062,2062,DRIFT,0.116000
2063,2063,DRIFT,0.005000
2064,2064,SEXT,0.290000
2065,2065,HSTR,0.000000
2066,2066,VSTR,0.000000
2067,2067,DRIFT,0.005000
2068,2068,DRIFT,0.234700
2069,2069,QUAD,0.407600
2070,2070,DRIFT,0.195200
2071,2071,DRIFT,0.005000
2072,2072,SEXT,0.190000
2073,2073,HSTR,0.000000
2074,2074,VSTR,0.000000
2075,2075,DRIFT,0.005000
2076,2076,DRIFT,0.421800
2077,2077,QUAD,0.406400
2078,2078,DRIFT,0.101800
2079,2079,BPM,0.000000
2080,2080,DRIFT,0.484000
2081,2081,BEND,0.933000
2082,2082,DRIFT,0.669000
2083,2083,DRIFT,0.005000
2084,2084,SEXT,0.290000
2085,2085,HSTR,0.000000
2086,2086,VSTR,0.000000
2087,2087,DRIFT,0.005000
2088,2088,DRIFT,0.196500
2089,2089,QUAD,0.307000
2090,2090,DRIFT,0.173000
2091,2091,BPM,0.000000
2092,2092,DRIFT,0.285350
2093,2093,QUAD,0.606300
2094,2094,DRIFT,0.231850
2095,2095,DRIFT,0.005000
2096,2096,SEXT,0.290000
2097,2097,HSTR,0.000000
2098,2098,VSTR,0.000000
2099,2099,DRIFT,0.005000
2100,2100,DRIFT,0.146800
2101,2101,QUAD,0.406400
2102,2102,DRIFT,1.288300
2103,2103,BPM,0.000000
2104,2104,DRIFT,0.002500
2105,2105,DRIFT,0.150000
2106,2106,HTRIM,0.000000
2107,2107,VTRIM,0.000000
2108,2108,DRIFT,0.150000
2109,2109,DRIFT,4.077500
2110,2110,source,0.000000
2111,2111,DRIFT,4.077500
2112,2112,DRIFT,0.150000
2113,2113,HTRIM,0.000000
2114,2114,VTRIM,0.000000
2115,2115,DRIFT,0.150000
2116,2116,DRIFT,0.002500
2117,2117,BPM,0.000000
2118,2118,DRIFT,1.288300
2119,2119,QUAD,0.406400
2120,2120,DRIFT,0.146800
2121,2121,DRIFT,0.005000
2122,2122,SEXT,0.290000
2123,2123,HSTR,0.000000
2124,2124,VSTR,0.000000
2125,2125,DRIFT,0.005000
2126,2126,DRIFT,0.231850
2127,2127,QUAD,0.606300
2128,2128,DRIFT,0.458350
2129,2129,QUAD,0.307000
2130,2130,DRIFT,0.196500
2131,2131,DRIFT,0.005000
2132,2132,SEXT,0.290000
2133,2133,HSTR,0.000000
2134,2134,VSTR,0.000000
2135,2135,DRIFT,0.005000
2136,2136,DRIFT,0.185000
2137,2137,BPM,0.000000
2138,2138,DRIFT,0.484000
2139,2139,BEND,0.933000
2140,2140,DRIFT,0.585800
2141,2141,QUAD,0.406400
2142,2142,DRIFT,0.158300
2143,2143,BPM,0.000000
2144,2144,DRIFT,0.263500
2145,2145,DRIFT,0.005000
2146,2146,SEXT,0.190000
2147,2147,HSTR,0.000000
2148,2148,VSTR,0.000000
2149,2149,DRIFT,0.005000
2150,2150,DRIFT,0.195200
2151,2151,QUAD,0.407600
2152,2152,DRIFT,0.118700
2153,2153,BPM,0.000000
2154,2154,DRIFT,0.116000
2155,2155,DRIFT,0.005000
2156,2156,SEXT,0.290000
2157,2157,HSTR,0.000000
2158,2158,VSTR,0.000000
2159,2159,DRIFT,0.005000
2160,2160,DRIFT,0.234700
2161,2161,QUAD,0.407600
2162,2162,DRIFT,0.195200
2163,2163,DRIFT,0.005000
2164,2164,SEXT,0.190000
2165,2165,HSTR,0.000000
2166,2166,VSTR,0.000000
2167,2167,DRIFT,0.005000
2168,2168,DRIFT,0.421800
2169,2169,QUAD,0.406400
2170,2170,DRIFT,0.101800
2171,2171,BPM,0.000000
2172,2172,DRIFT,0.484000
2173,2173,source,0.000000
2174,2174,BEND,0.933000
2175,2175,DRIFT,0.669000
2176,2176,DRIFT,0.005000
2177,2177,SEXT,0.290000
2178,2178,HSTR,0.000000
2179,2179,VSTR,0.000000
2180,2180,DRIFT,0.005000
2181,2181,DRIFT,0.196500
2182,2182,QUAD,0.307000
2183,2183,DRIFT,0.173000
2184,2184,BPM,0.000000
2185,2185,DRIFT,0.285350
2186,2186,QUAD,0.606300
2187,2187,DRIFT,0.231850
2188,2188,DRIFT,0.005000
2189,2189,SEXT,0.290000
2190,2190,HSTR,0.000000
2191,2191,VSTR,0.000000
2192,2192,DRIFT,0.005000
2193,2193,DRIFT,0.146800
2194,2194,QUAD,0.406400
2195,2195,DRIFT,1.288300
2196,2196,BPM,0.000000
2197,2197,DRIFT,0.002500
2198,2198,DRIFT,0.150000
2199,2199,HTRIM,0.000000
2200,2200,VTRIM,0.000000
2201,2201,DRIFT,0.150000
2202,2202,DRIFT,2.577500
2203,2203,source,0.000000
2204,2204,DRIFT,2.577500
2205,2205,DRIFT,0.150000
2206,2206,HTRIM,0.000000
2207,2207,VTRIM,0.000000
2208,2208,DRIFT,0.150000
2209,2209,DRIFT,0.002500
2210,2210,BPM,0.000000
2211,2211,DRIFT,1.288300
2212,2212,QUAD,0.406400
2213,2213,DRIFT,0.146800
2214,2214,DRIFT,0.005000
2215,2215,SEXT,0.290000
2216,2216,HSTR,0.000000
2217,2217,VSTR,0.000000
2218,2218,DRIFT,0.005000
2219,2219,DRIFT,0.231850
2220,2220,QUAD,0.606300
2221,2221,DRIFT,0.458350
2222,2222,QUAD,0.307000
2223,2223,DRIFT,0.196500
2224,2224,DRIFT,0.005000
2225,2225,SEXT,0.290000
2226,2226,HSTR,0.000000
2227,2227,VSTR,0.000000
2228,2228,DRIFT,0.005000
2229,2229,DRIFT,0.185000
2230,2230,BPM,0.000000
2231,2231,DRIFT,0.484000
2232,2232,BEND,0.933000
2233,2233,DRIFT,0.585800
2234,2234,QUAD,0.406400
2235,2235,DRIFT,0.158300
2236,2236,BPM,0.000000
2237,2237,DRIFT,0.263500
2238,2238,DRIFT,0.005000
2239,2239,SEXT,0.190000
2240,2240,HSTR,0.000000
2241,2241,VSTR,0.000000
2242,2242,DRIFT,0.005000
2243,2243,DRIFT,0.195200
2244,2244,QUAD,0.407600
2245,2245,DRIFT,0.118700
2246,2246,BPM,0.000000
2247,2247,DRIFT,0.116000
2248,2248,DRIFT,0.005000
2249,2249,SEXT,0.290000
2250,2250,HSTR,0.000000
2251,2251,VSTR,0.000000
2252,2252,DRIFT,0.005000
2253,2253,DRIFT,0.234700
2254,2254,QUAD,0.407600
2255,2255,DRIFT,0.195200
2256,2256,DRIFT,0.005000
2257,2257,SEXT,0.190000
2258,2258,HSTR,0.000000
2259,2259,VSTR,0.000000
2260,2260,DRIFT,0.005000
2261,2261,DRIFT,0.421800
2262,2262,QUAD,0.406400
2263,2263,DRIFT,0.101800
2264,2264,BPM,0.000000
2265,2265,DRIFT,0.484000
2266,2266,source,0.000000
2267,2267,BEND,0.933000
2268,2268,DRIFT,0.669000
2269,2269,DRIFT,0.005000
2270,2270,SEXT,0.290000
2271,2271,HSTR,0.000000
2272,2272,VSTR,0.000000
2273,2273,DRIFT,0.005000
2274,2274,DRIFT,0.196500
2275,2275,QUAD,0.307000
2276,2276,DRIFT,0.173000
2277,2277,BPM,0.000000
2278,2278,DRIFT,0.285350
2279,2279,QUAD,0.606300
2280,2280,DRIFT,0.231850
2281,2281,DRIFT,0.005000
2282,2282,SEXT,0.290000
2283,2283,HSTR,0.000000
2284,2284,VSTR,0.000000
2285,2285,DRIFT,0.005000
2286,2286,DRIFT,0.146800
2287,2287,QUAD,0.406400
2288,2288,DRIFT,1.288300
2289,2289,BPM,0.000000
2290,2290,DRIFT,0.002500
2291,2291,DRIFT,0.150000
2292,2292,HTRIM,0.000000
2293,2293,VTRIM,0.000000
2294,2294,DRIFT,0.150000
2295,2295,DRIFT,2.577500
2296,2296,source,0.000000
2297,2297,DRIFT,2.577500
2298,2298,DRIFT,0.150000
2299,2299,HTRIM,0.000000
2300,2300,VTRIM,0.000000
2301,2301,DRIFT,0.150000
2302,2302,DRIFT,0.002500
2303,2303,BPM,0.000000
2304,2304,DRIFT,1.288300
2305,2305,QUAD,0.406400
2306,2306,DRIFT,0.146800
2307,2307,DRIFT,0.005000
2308,2308,SEXT,0.290000
2309,2309,HSTR,0.000000
2310,2310,VSTR,0.000000
2311,2311,DRIFT,0.005000
2312,2312,DRIFT,0.231850
2313,2313,QUAD,0.606300
2314,2314,DRIFT,0.458350
2315,2315,QUAD,0.307000
2316,2316,DRIFT,0.196500
2317,2317,DRIFT,0.005000
2318,2318,SEXT,0.290000
2319,2319,HSTR,0.000000
2320,2320,VSTR,0.000000
2321,2321,DRIFT,0.005000
2322,2322,DRIFT,0.185000
2323,2323,BPM,0.000000
2324,2324,DRIFT,0.484000
2325,2325,BEND,0.933000
2326,2326,DRIFT,0.585800
2327,2327,QUAD,0.406400
2328,2328,DRIFT,0.158300
2329,2329,BPM,0.000000
2330,2330,DRIFT,0.263500
2331,2331,DRIFT,0.005000
2332,2332,SEXT,0.190000
2333,2333,HSTR,0.000000
2334,2334,VSTR,0.000000
2335,2335,DRIFT,0.005000
2336,2336,DRIFT,0.195200
2337,2337,QUAD,0.407600
2338,2338,DRIFT,0.118700
2339,2339,BPM,0.000000
2340,2340,DRIFT,0.116000
2341,2341,DRIFT,0.005000
2342,2342,SEXT,0.290000
2343,2343,HSTR,0.000000
2344,2344,VSTR,0.000000
2345,2345,DRIFT,0.005000
2346,2346,DRIFT,0.234700
2347,2347,QUAD,0.407600
2348,2348,DRIFT,0.195200
2349,2349,DRIFT,0.005000
2350,2350,SEXT,0.190000
2351,2351,HSTR,0.000000
2352,2352,VSTR,0.000000
2353,2353,DRIFT,0.005000
2354,2354,DRIFT,0.421800
2355,2355,QUAD,0.406400
2356,2356,DRIFT,0.101800
2357,2357,BPM,0.000000
2358,2358,DRIFT,0.484000
2359,2359,source,0.000000
2360,2360,BEND,0.933000
2361,2361,DRIFT,0.669000
2362,2362,DRIFT,0.005000
2363,2363,SEXT,0.290000
2364,2364,HSTR,0.000000
2365,2365,VSTR,0.000000
2366,2366,DRIFT,0.005000
2367,2367,DRIFT,0.196500
2368,2368,QUAD,0.307000
2369,2369,DRIFT,0.173000
2370,2370,BPM,0.000000
2371,2371,DRIFT,0.285350
2372,2372,QUAD,0.606300
2373,2373,DRIFT,0.231850
2374,2374,DRIFT,0.005000
2375,2375,SEXT,0.290000
2376,2376,HSTR,0.000000
2377,2377,VSTR,0.000000
2378,2378,DRIFT,0.005000
2379,2379,DRIFT,0.146800
2380,2380,QUAD,0.406400
2381,2381,DRIFT,1.288300
2382,2382,BPM,0.000000
2383,2383,DRIFT,0.002500
2384,2384,DRIFT,0.150000
2385,2385,HTRIM,0.000000
2386,2386,VTRIM,0.000000
2387,2387,DRIFT,0.150000
2388,2388,DRIFT,2.577500
2389,2389,source,0.000000
2390,2390,DRIFT,2.577500
2391,2391,DRIFT,0.150000
2392,2392,HTRIM,0.000000
2393,2393,VTRIM,0.000000
2394,2394,DRIFT,0.150000
2395,2395,DRIFT,0.002500
2396,2396,BPM,0.000000
2397,2397,DRIFT,1.288300
2398,2398,QUAD,0.406400
2399,2399,DRIFT,0.146800
2400,2400,DRIFT,0.005000
2401,2401,SEXT,0.290000
2402,2402,HSTR,0.000000
2403,2403,VSTR,0.000000
2404,2404,DRIFT,0.005000
2405,2405,DRIFT,0.231850
2406,2406,QUAD,0.606300
2407,2407,DRIFT,0.458350
2408,2408,QUAD,0.307000
2409,2409,DRIFT,0.196500
2410,2410,DRIFT,0.005000
2411,2411,SEXT,0.290000
2412,2412,HSTR,0.000000
2413,2413,VSTR,0.000000
2414,2414,DRIFT,0.005000
2415,2415,DRIFT,0.185000
2416,2416,BPM,0.000000
2417,2417,DRIFT,0.484000
2418,2418,BEND,0.933000
2419,2419,DRIFT,0.585800
2420,2420,QUAD,0.406400
2421,2421,DRIFT,0.158300
2422,2422,BPM,0.000000
2423,2423,DRIFT,0.263500
2424,2424,DRIFT,0.005000
2425,2425,SEXT,0.190000
2426,2426,HSTR,0.000000
2427,2427,VSTR,0.000000
2428,2428,DRIFT,0.005000
2429,2429,DRIFT,0.195200
2430,2430,QUAD,0.407600
2431,2431,DRIFT,0.118700
2432,2432,BPM,0.000000
2433,2433,DRIFT,0.116000
2434,2434,DRIFT,0.005000
2435,2435,SEXT,0.290000
2436,2436,HSTR,0.000000
2437,2437,VSTR,0.000000
2438,2438,DRIFT,0.005000
2439,2439,DRIFT,0.234700
2440,2440,QUAD,0.407600
2441,2441,DRIFT,0.195200
2442,2442,DRIFT,0.005000
2443,2443,SEXT,0.190000
2444,2444,HSTR,0.000000
2445,2445,VSTR,0.000000
2446,2446,DRIFT,0.005000
2447,2447,DRIFT,0.421800
2448,2448,QUAD,0.406400
2449,2449,DRIFT,0.101800
2450,2450,BPM,0.000000
2451,2451,DRIFT,0.484000
2452,2452,source,0.000000
2453,2453,BEND,0.933000
2454,2454,DRIFT,0.669000
2455,2455,DRIFT,0.005000
2456,2456,SEXT,0.290000
2457,2457,HSTR,0.000000
2458,2458,VSTR,0.000000
2459,2459,DRIFT,0.005000
2460,2460,DRIFT,0.196500
2461,2461,QUAD,0.307000
2462,2462,DRIFT,0.173000
2463,2463,BPM,0.000000
2464,2464,DRIFT,0.285350
2465,2465,QUAD,0.606300
2466,2466,DRIFT,0.231850
2467,2467,DRIFT,0.005000
2468,2468,SEXT,0.290000
2469,2469,HSTR,0.000000
2470,2470,VSTR,0.000000
2471,2471,DRIFT,0.005000
2472,2472,DRIFT,0.146800
2473,2473,QUAD,0.406400
2474,2474,DRIFT,1.288300
2475,2475,BPM,0.000000
2476,2476,DRIFT,4.380000
